,City,Cloudiness,Country,Date,Humidity,Lat,Lng,Max Temp,Wind Speed
0,Goderich,100,CA,1573312092,62,43.74,-81.71,34.0,3.0
1,Cape Town,0,ZA,1573312093,37,-33.93,18.42,82.4,19.46
2,Saiha,100,IN,1573312094,97,22.49,92.98,64.65,3.0
3,Srednekolymsk,100,RU,1573312096,96,67.46,153.71,0.27,8.25
4,Havre-Saint-Pierre,1,CA,1573312097,45,50.23,-63.6,24.8,19.46
5,Basco,1,US,1573312098,64,40.33,-91.2,41.0,14.99
6,Saint George,20,GR,1573312099,60,39.45,22.34,69.8,6.93
7,Ushuaia,75,AR,1573312014,60,-54.81,-68.31,41.0,17.22
8,Bluff,0,AU,1573312101,23,-23.58,149.07,64.36,7.02
9,Ambilobe,72,MG,1573312102,66,-13.19,49.05,81.48,3.22
10,Airai,56,TL,1573312104,85,-8.93,125.41,66.81,2.21
11,Souillac,90,FR,1573312105,66,45.6,-0.6,53.6,18.34
12,Panama City,1,US,1573311961,67,30.16,-85.65,59.0,10.29
13,Albany,1,US,1573312107,68,42.65,-73.75,32.0,5.64
14,Atuona,15,PF,1573312108,76,-9.8,-139.03,79.12,13.53
15,Sao Filipe,42,CV,1573312109,80,14.9,-24.5,74.89,19.95
16,Victoria,75,BN,1573311884,83,5.28,115.24,77.0,2.24
17,Jamestown,0,AU,1573312112,92,-33.21,138.6,44.49,5.03
18,Mataura,100,NZ,1573312113,96,-46.19,168.86,48.99,5.99
19,New Norfolk,40,AU,1573312114,66,-42.78,147.06,48.99,14.99
20,Saint-Philippe,90,CA,1573312115,63,45.36,-73.48,32.0,9.17
21,Bandar-e Lengeh,20,IR,1573312116,65,26.56,54.88,78.8,18.34
22,Punta Arenas,40,CL,1573312117,48,-53.16,-70.91,44.6,10.29
23,Bethel,1,US,1573312119,92,60.79,-161.76,28.4,12.75
24,Bima,5,ID,1573312120,89,-8.45,118.73,74.57,2.62
25,Emerald,25,AU,1573312121,11,-23.53,148.16,75.2,17.22
26,Mahebourg,75,MU,1573312122,73,-20.41,57.7,77.0,8.05
27,Puerto Escondido,5,MX,1573312123,69,15.86,-97.07,80.6,6.93
28,Ixtapa,5,MX,1573312125,78,20.71,-105.21,82.99,3.36
29,Bredasdorp,17,ZA,1573312126,64,-34.53,20.04,71.01,24.16
30,Ahipara,97,NZ,1573312127,100,-35.17,173.16,64.99,12.55
31,Shestakovo,100,RU,1573312128,88,56.49,103.96,21.78,16.78
32,Kuytun,100,RU,1573312129,68,54.34,101.51,23.61,17.74
33,Chokurdakh,100,RU,1573312130,99,70.62,147.9,-10.43,4.05
34,Bonavista,0,CA,1573312131,60,48.65,-53.11,35.01,25.99
35,Luderitz,81,NA,1573312043,50,-26.65,15.16,75.2,17.22
36,Taoudenni,49,ML,1573312134,11,22.68,-3.98,89.26,12.59
37,San Andres,8,PH,1573312135,94,13.32,122.68,75.99,3.15
38,Skelleftea,100,SE,1573312054,85,64.75,20.95,15.01,9.17
39,Kapaa,90,US,1573312106,73,22.08,-159.32,69.8,6.93
40,Vaini,20,IN,1573312138,83,15.34,74.49,73.4,2.24
41,Georgetown,40,GY,1573312139,83,6.8,-58.16,87.8,9.17
42,Hithadhoo,19,MV,1573312141,76,-0.6,73.08,82.22,9.46
43,Victoria,75,BN,1573312142,83,5.28,115.24,77.0,2.24
44,Isangel,23,VU,1573312143,83,-19.55,169.27,73.17,1.14
45,Rikitea,100,PF,1573312144,76,-23.12,-134.97,73.24,6.69
46,Ternate,75,PH,1573312145,83,14.29,120.72,82.4,1.12
47,Barrow,0,AR,1573312146,35,-38.31,-60.23,68.81,8.88
48,Gunjur,60,GM,1573312147,40,13.18,-16.76,89.6,3.36
49,Rovaniemi,99,FI,1573312149,84,66.5,25.72,8.6,10.29
50,Alofi,4,NU,1573312150,94,-19.06,-169.92,73.4,5.82
51,Copiapo,90,CL,1573312151,82,-27.37,-70.33,59.0,8.05
52,Thompson,40,CA,1573312152,83,55.74,-97.86,-7.61,4.7
53,Saldanha,87,PT,1573312153,89,41.42,-6.55,46.15,6.26
54,Oranjemund,96,ZA,1573312154,57,-28.55,16.43,67.69,11.88
55,Cidreira,2,BR,1573312156,86,-30.17,-50.22,70.86,20.31
56,Bandarbeyla,0,SO,1573312157,73,9.49,50.81,80.33,15.41
57,Port Hardy,90,CA,1573312158,93,50.7,-127.42,48.2,9.17
58,Carnarvon,100,ZA,1573312159,9,-30.97,22.13,85.73,17.18
59,Arraial do Cabo,75,BR,1573312160,78,-22.97,-42.02,84.2,11.41
60,Guerrero Negro,100,MX,1573312161,58,27.97,-114.04,69.94,3.4
61,Kaitangata,87,NZ,1573312163,91,-46.28,169.85,53.01,3.0
62,Hermanus,12,ZA,1573312164,67,-34.42,19.24,82.0,15.99
63,Sorland,85,NO,1573312165,66,67.67,12.69,31.73,14.94
64,Kahului,1,US,1573312166,78,20.89,-156.47,71.6,3.96
65,East London,40,ZA,1573312167,68,-33.02,27.91,66.2,20.8
66,Ulaangom,15,MN,1573312169,65,49.98,92.07,30.92,4.72
67,San Cristobal,88,HN,1573312170,83,14.68,-86.92,70.95,6.71
68,Hobart,40,AU,1573312163,66,-42.88,147.33,48.99,14.99
69,Vila Franca do Campo,40,PT,1573312172,72,37.72,-25.43,68.0,3.36
70,Cherskiy,76,RU,1573312173,84,68.75,161.3,1.87,4.43
71,Kodiak,1,US,1573312174,60,39.95,-94.76,42.01,9.17
72,Takab,0,IR,1573312176,27,36.4,47.11,43.07,1.45
73,Khatanga,100,RU,1573312177,97,71.98,102.47,-3.64,10.38
74,Salalah,0,OM,1573312178,69,17.01,54.1,82.4,4.7
75,Port Alfred,100,ZA,1573312179,75,-33.59,26.89,66.0,8.01
76,Vao,100,EE,1573312180,97,59.1,26.19,41.13,5.91
77,Qaanaaq,0,GL,1573312181,51,77.48,-69.36,-5.44,5.84
78,Pa Daet,100,TH,1573312183,100,19.5,99.99,71.6,2.24
79,Mar del Plata,0,AR,1573312184,46,-46.43,-67.52,50.43,10.65
80,Tilichiki,100,RU,1573312185,96,60.47,166.1,31.84,23.76
81,Tuktoyaktuk,20,CA,1573312186,77,69.44,-133.03,3.2,11.41
82,Imbituba,75,BR,1573312187,100,-28.24,-48.67,71.6,2.24
83,Chuy,73,UY,1573312188,73,-33.69,-53.46,71.31,12.24
84,Sandwick,100,GB,1573312189,86,54.57,-2.89,44.01,10.29
85,Fort-Shevchenko,32,KZ,1573312191,47,44.51,50.26,54.36,10.4
86,Yellowknife,5,CA,1573312192,69,62.45,-114.38,-11.01,9.17
87,Waipawa,6,NZ,1573312193,84,-39.94,176.59,51.01,7.02
88,Nefteyugansk,100,RU,1573312194,84,61.09,72.61,-0.41,6.71
89,Itaituba,100,BR,1573312195,90,-4.26,-55.99,79.41,3.11
90,Semnan,0,IR,1573312196,21,35.58,53.39,60.8,0.76
91,Busselton,0,AU,1573312197,46,-33.64,115.35,70.0,13.65
92,Rio Gallegos,40,AR,1573312198,81,-51.62,-69.22,48.2,5.82
93,Katsuura,75,JP,1573312200,63,33.93,134.5,60.8,17.22
94,Dalvik,100,SE,1573312201,100,57.79,14.13,39.99,12.75
95,Komsomolskiy,96,RU,1573312202,97,67.55,63.78,4.14,2.91
96,Kavieng,100,PG,1573312203,72,-2.57,150.8,82.51,1.14
97,Pueblo,1,US,1573312204,69,38.25,-104.61,52.0,3.36
98,Ilulissat,40,GL,1573312205,29,69.22,-51.1,39.2,28.86
99,Butaritari,100,KI,1573312206,68,3.07,172.79,83.53,5.48
100,Bambous Virieux,75,MU,1573312208,73,-20.34,57.76,77.0,8.05
101,Marystown,94,CA,1573312209,2,47.17,-55.16,37.99,13.0
102,Huilong,100,CN,1573312210,79,31.15,106.5,59.58,0.69
103,Hasaki,75,JP,1573312211,76,35.73,140.83,51.8,5.82
104,Ambunti,100,PG,1573312212,98,-4.22,142.82,74.17,1.74
105,Apatity,100,RU,1573312213,94,67.57,33.4,14.0,4.14
106,Flin Flon,90,CA,1573311991,85,54.77,-101.88,12.2,11.41
107,Ciudad Bolivar,18,VE,1573312216,59,8.12,-63.55,88.3,8.77
108,Narsaq,75,GL,1573312217,28,60.91,-46.05,44.6,26.4
109,Mahuta,100,TZ,1573312218,52,-10.87,39.42,85.17,9.71
110,Waddan,100,LY,1573312219,20,29.16,16.14,87.19,14.88
111,Castro,67,CL,1573312220,62,-42.48,-73.76,59.0,6.93
112,Dubbo,0,AU,1573312221,37,-32.25,148.6,53.6,6.93
113,Mizan Teferi,78,ET,1573312222,91,6.99,35.58,68.2,1.14
114,Alyangula,75,AU,1573312224,88,-13.85,136.42,73.4,4.47
115,Peace River,90,CA,1573312225,78,56.23,-117.29,8.6,14.99
116,Avarua,66,CK,1573312226,83,-21.21,-159.78,73.4,3.36
117,Samana,90,EC,1573312227,94,0.12,-76.97,75.2,6.93
118,Hilo,1,US,1573312228,73,19.71,-155.08,69.8,5.82
119,Yovon,0,TJ,1573312230,53,38.32,69.05,51.8,6.71
120,Klaksvik,100,FO,1573312231,65,62.23,-6.59,41.0,18.34
121,Upernavik,70,GL,1573312232,75,72.79,-56.15,10.58,10.69
122,Sitka,0,US,1573312233,52,37.17,-99.65,48.99,5.01
123,Jardim,71,BR,1573312234,49,-21.48,-56.15,90.01,5.06
124,Waitati,100,NZ,1573312235,88,-45.75,170.57,54.0,8.01
125,Mareeba,22,AU,1573312237,88,-16.99,145.42,68.0,1.12
126,Kristiansund,0,NO,1573312238,68,63.12,7.73,28.4,9.17
127,Ronne,90,FR,1573312239,87,48.45,0.83,44.6,13.87
128,Sonoita,1,US,1573312240,76,31.68,-110.66,69.01,4.7
129,Santa Luzia,20,BR,1573312241,37,-19.77,-43.85,87.8,6.93
130,Grindavik,99,IS,1573312242,86,63.84,-22.43,41.0,8.05
131,Fallon,1,US,1573312243,63,46.84,-105.12,32.0,3.36
132,Kruisfontein,100,ZA,1573312245,69,-34.0,24.73,62.53,20.18
133,Vardo,1,US,1573312246,59,39.62,-77.74,37.99,5.82
134,Gibraleon,58,ES,1573312247,42,37.38,-6.97,66.0,5.99
135,Antofagasta,75,CL,1573312248,68,-23.65,-70.4,64.4,14.99
136,Faya,75,SA,1573312249,77,18.39,42.45,69.8,9.17
137,Iqaluit,20,CA,1573312250,84,63.75,-68.52,1.4,6.93
138,Xining,0,CN,1573312252,24,36.62,101.77,35.78,4.56
139,Jalu,0,LY,1573312253,18,29.03,21.55,84.25,7.2
140,Broome,20,GB,1573312254,75,52.47,1.45,48.99,3.36
141,Puerto Ayora,40,EC,1573312255,65,-0.74,-90.35,77.0,13.87
142,Kloulklubed,90,PW,1573312256,88,7.04,134.26,78.8,5.82
143,Ancud,68,CL,1573312257,63,-41.87,-73.83,60.8,6.93
144,Novyy Karachay,0,RU,1573312259,44,43.82,41.9,51.55,3.56
145,Cervo,99,BR,1573312261,75,-22.19,-46.24,74.17,5.03
146,Lata,0,IN,1573312262,85,30.78,78.62,23.85,2.51
147,Lagoa,20,PT,1573312263,67,37.14,-8.45,66.99,16.11
148,Lokosovo,37,RU,1573312264,89,61.13,74.84,4.96,6.62
149,Naze,75,NG,1573312265,66,5.43,7.07,91.4,2.24
150,Kibre Mengist,63,ET,1573312267,90,5.87,38.99,63.59,0.67
151,Lavrentiya,100,RU,1573312268,97,65.58,-170.99,34.32,7.38
152,Kayerkan,100,RU,1573312269,83,69.35,87.76,-11.21,26.84
153,Vanavara,100,RU,1573312270,90,60.35,102.28,5.52,9.35
154,Cockburn Town,40,TC,1573312271,74,21.46,-71.14,82.4,9.17
155,Lompoc,20,US,1573312272,93,34.64,-120.46,64.99,5.82
156,Port Elizabeth,1,US,1573312273,40,39.31,-74.98,39.99,3.36
157,Laguna,2,BZ,1573312275,74,16.17,-88.94,80.6,9.17
158,Norman Wells,40,CA,1573312276,77,65.28,-126.83,1.4,3.36
159,Sao Felix do Xingu,60,BR,1573312277,43,-6.64,-51.99,94.5,4.12
160,Boueni,100,YT,1573312278,74,-12.9,45.08,84.2,8.05
161,Waggaman,20,US,1573312279,62,29.92,-90.21,52.0,8.05
162,Tasiilaq,100,GL,1573312281,38,65.61,-37.64,39.2,26.4
163,Tupik,90,RU,1573312282,97,54.43,119.94,6.17,1.74
164,Kutum,15,SD,1573312283,12,14.2,24.66,82.58,12.86
165,Hamilton,90,CA,1573312255,59,43.26,-79.87,35.6,16.11
166,Cabo San Lucas,75,MX,1573312245,57,22.89,-109.91,79.0,3.36
167,Agapia,19,RO,1573312287,77,47.17,26.29,59.0,11.41
168,Almeirim,100,BR,1573312288,47,-1.53,-52.58,92.8,5.35
169,Dikson,61,RU,1573312289,98,73.51,80.55,-1.65,5.17
170,Lafia,100,NG,1573312291,36,8.5,8.51,93.2,4.0
171,Anadyr,90,RU,1573312292,85,64.73,177.51,19.4,4.47
172,Dubreka,85,GN,1573312293,57,9.79,-13.52,89.28,4.21
173,Byron Bay,90,AU,1573311995,82,-28.65,153.62,63.0,3.36
174,Codrington,90,AU,1573312295,87,-28.95,153.24,57.99,4.03
175,Huarmey,68,PE,1573312296,55,-10.07,-78.15,73.31,7.74
176,Bouguenais,100,FR,1573312298,93,47.18,-1.62,50.0,11.41
177,Seoul,0,KR,1573312300,93,37.57,126.98,42.8,1.12
178,Torbay,75,CA,1573312302,59,47.66,-52.73,37.99,28.86
179,Nuevitas,40,CU,1573312303,70,21.55,-77.27,84.2,2.24
180,Nikolskoye,90,RU,1573312304,93,59.7,30.79,39.99,11.18
181,Berlevag,81,NO,1573312305,73,70.86,29.09,29.98,6.15
182,Kiama,67,AU,1573312306,38,-34.67,150.86,60.01,18.34
183,Bucerias,5,MX,1573312037,78,20.76,-105.33,82.99,3.36
184,Kalghatgi,0,IN,1573312308,72,15.18,74.97,72.32,2.1
185,Muros,75,ES,1573312310,81,42.77,-9.06,63.0,8.05
186,Karratha,17,AU,1573312311,64,-20.74,116.85,80.58,19.1
187,Pevek,44,RU,1573312312,91,69.7,170.27,7.41,7.36
188,Te Anau,100,NZ,1573312313,96,-45.41,167.72,42.28,6.24
189,Longyearbyen,75,NO,1573312314,68,78.22,15.63,28.4,28.86
190,Caibiran,51,PH,1573312316,85,12.48,124.55,77.27,0.67
191,Novo Aripuana,100,BR,1573312317,52,-5.12,-60.38,89.24,2.04
192,Agadez,25,NE,1573312319,11,16.97,7.99,96.8,18.34
193,Aklavik,20,CA,1573312320,77,68.22,-135.01,3.2,12.75
194,Riachao das Neves,67,BR,1573312296,19,-11.75,-44.91,100.06,5.19
195,Provideniya,100,RU,1573312323,96,64.42,-173.23,32.67,3.11
196,Saskylakh,100,RU,1573312324,98,71.97,114.09,-9.57,8.14
197,Novoderevyankovskaya,48,RU,1573312325,61,46.33,38.75,59.77,7.92
198,Lososina,0,RU,1573312326,53,49.0,140.31,26.19,18.59
199,Matara,40,BI,1573312327,58,-3.48,29.48,84.2,18.34
200,Binga,31,ZW,1573312329,39,-17.62,27.34,91.22,11.56
201,Kolomak,0,UA,1573312330,83,49.84,35.31,50.38,10.49
202,Qiqihar,28,CN,1573312331,73,47.35,123.91,31.21,8.57
203,Sainte-Maxime,34,FR,1573312332,67,43.31,6.64,61.0,4.7
204,Limon,1,US,1573312333,85,39.26,-103.69,51.01,5.82
205,Corbelia,43,BR,1573312265,76,-24.8,-53.31,79.02,9.44
206,Suoyarvi,100,RU,1573312336,98,62.08,32.35,34.11,6.93
207,Batemans Bay,72,AU,1573312337,68,-35.71,150.18,55.0,1.99
208,Petropavlovsk-Kamchatskiy,75,RU,1573312338,92,53.05,158.65,30.2,2.24
209,Kapuskasing,90,CA,1573312339,92,49.42,-82.43,17.6,3.36
210,Bacolod,52,PH,1573312340,88,10.68,122.95,74.07,2.53
211,Muroto,0,JP,1573312342,78,33.37,134.14,50.74,6.69
212,Sayyan,0,YE,1573312343,24,15.17,44.32,63.41,13.85
213,Ikungi,67,TZ,1573312344,45,-5.13,34.77,78.37,7.54
214,Erzin,40,TR,1573312345,46,36.95,36.2,80.6,2.71
215,Neiafu,20,TO,1573312346,94,-18.65,-173.98,75.2,14.58
216,Funadhoo,46,MV,1573312347,70,6.15,73.27,82.72,6.17
217,Muravlenko,80,RU,1573312348,94,63.79,74.5,3.07,12.24
218,Coihaique,40,CL,1573312350,51,-45.58,-72.07,60.8,4.7
219,Moroni,75,GR,1573312351,83,35.09,24.92,73.0,4.7
220,Newala,100,TZ,1573312352,52,-10.94,39.28,85.17,9.71
221,Vikhorevka,100,RU,1573312353,79,56.12,101.17,21.2,17.9
222,Nobeoka,0,JP,1573312354,92,32.66,131.66,48.52,4.12
223,Sinegorskiy,1,RU,1573312355,84,48.01,40.84,50.95,9.91
224,Pandan,25,PH,1573312357,76,11.72,122.09,81.75,8.81
225,Vilyuysk,100,RU,1573312358,94,63.75,121.63,11.64,12.37
226,Gladstone,17,AU,1573312359,15,-23.84,151.26,69.8,5.82
227,Touros,40,BR,1573312361,48,-5.2,-35.46,87.8,16.11
228,Fivizzano,40,IT,1573312362,81,44.24,10.13,57.99,10.29
229,Eskisehir,0,TR,1573312363,39,39.78,30.52,69.8,5.82
230,Tuatapere,100,NZ,1573312365,96,-46.13,167.69,48.99,5.99
231,Ponta do Sol,0,BR,1573312366,58,-20.63,-46.0,83.17,8.93
232,Barceloneta,75,PR,1573312367,83,18.45,-66.54,87.8,14.99
233,Merauke,100,ID,1573312368,85,-8.49,140.4,72.27,3.04
234,Ayotzintepec,100,MX,1573312369,96,17.67,-96.13,63.77,3.27
235,Rancharia,40,BR,1573312370,73,-22.23,-50.89,77.0,5.82
236,Karpathos,20,GR,1573312371,73,35.51,27.21,73.4,4.7
237,Tansen,0,NP,1573312373,91,27.87,83.55,58.68,3.24
238,Kendari,4,ID,1573312374,90,-3.99,122.52,74.61,0.4
239,Curaca,29,BR,1573312375,25,-8.99,-39.91,94.05,13.73
240,Deputatskiy,10,RU,1573312376,98,69.3,139.9,-17.29,0.89
241,Tateyama,13,JP,1573312377,98,36.66,137.31,53.01,1.21
242,Mahon,20,IE,1573312378,70,51.89,-8.4,48.2,19.46
243,Tam Ky,75,VN,1573312379,69,15.57,108.48,75.2,2.24
244,Kabwe,38,ZM,1573312381,19,-14.44,28.44,93.54,10.02
245,Makokou,100,GA,1573312382,71,0.56,12.85,81.7,2.91
246,Fortuna,90,US,1573312383,100,40.6,-124.16,50.0,2.89
247,Geraldton,90,CA,1573312384,85,49.72,-86.95,14.0,4.7
248,Esperance,0,AU,1573312385,47,-33.86,121.89,75.2,14.99
249,Mandan,20,US,1573312255,86,46.83,-100.89,37.0,4.43
250,Young,99,UY,1573312388,68,-32.7,-57.63,75.99,1.99
251,Iwanai,100,JP,1573312389,77,42.97,140.51,33.82,8.12
252,Yakovlevka,0,RU,1573312390,49,44.43,133.47,22.48,4.0
253,Mindelo,20,PT,1573312391,82,41.31,-8.72,64.0,16.11
254,Foz do Iguacu,75,BR,1573312276,58,-25.55,-54.59,87.8,10.29
255,Maxixe,75,MZ,1573312393,83,-23.86,35.35,75.2,4.7
256,Mount Gambier,75,AU,1573312395,93,-37.83,140.78,50.0,12.75
257,Namibe,0,AO,1573312396,82,-15.19,12.15,76.32,17.6
258,Jiayuguan,0,CN,1573312397,29,39.77,98.29,39.81,9.01
259,Harper,40,US,1573312398,87,30.3,-99.24,54.0,3.09
260,Lubumbashi,98,CD,1573312399,28,-11.66,27.48,87.17,5.61
261,Puerto Cabezas,40,NI,1573312400,88,14.04,-83.39,82.4,6.93
262,Talnakh,100,RU,1573312401,83,69.49,88.39,-11.21,26.84
263,Caucaia,20,BR,1573312402,52,-3.73,-38.66,89.6,20.8
264,Valdemarpils,90,LV,1573312404,100,57.37,22.59,46.4,4.7
265,Kungurtug,78,RU,1573312405,85,50.6,97.53,22.28,6.04
266,Bamiantong,0,CN,1573312406,45,44.93,130.53,24.91,4.41
267,La Ronge,90,CA,1573312407,66,55.1,-105.3,12.2,16.11
268,Avera,1,US,1573312408,36,33.19,-82.53,46.4,8.05
269,Nome,1,US,1573312409,61,30.04,-94.42,48.2,4.7
270,Havelock,1,US,1573312411,53,34.88,-76.9,52.0,14.99
271,Kavaratti,12,IN,1573312412,71,10.57,72.64,82.02,7.27
272,Kalmunai,91,LK,1573312413,77,7.42,81.82,82.89,14.58
273,Navahrudak,100,BY,1573312414,85,53.59,25.82,52.52,9.01
274,Hualmay,56,PE,1573312415,60,-11.1,-77.61,71.53,9.64
275,Lorengau,100,PG,1573312417,80,-2.02,147.27,82.13,10.18
276,Cam Ranh,75,VN,1573312418,78,11.92,109.15,78.8,2.24
277,Caborca,99,MX,1573312419,85,30.58,-111.1,66.99,6.62
278,Corsicana,1,US,1573312420,70,32.09,-96.46,50.0,9.17
279,Champerico,40,MX,1573312421,73,16.38,-93.6,77.0,3.36
280,Ruteng,55,ID,1573312422,88,-8.61,120.46,67.44,5.44
281,Coahuayana,0,MX,1573312423,73,18.62,-100.35,75.99,1.19
282,Aksu,90,KZ,1573312425,79,52.04,76.93,24.8,13.42
283,Mount Isa,98,AU,1573312426,15,-20.73,139.49,73.4,8.05
284,Nemuro,0,JP,1573312427,64,43.32,145.57,40.28,15.52
285,Bograd,16,RU,1573312428,67,54.22,90.86,19.4,11.18
286,Mumford,84,GH,1573312429,61,5.26,-0.76,87.73,5.99
287,San Isidro,40,CR,1573312430,60,10.02,-84.06,80.6,11.41
288,Tiksi,70,RU,1573312431,96,71.64,128.87,-12.11,4.18
289,Oranjestad,40,AW,1573312311,66,12.52,-70.03,87.8,19.46
290,College,1,US,1573312434,71,64.86,-147.8,19.4,5.82
291,Aswan,0,EG,1573312435,25,24.09,32.9,81.95,8.39
292,West Wendover,1,US,1573312436,79,40.74,-114.07,28.4,1.12
293,Zhigansk,100,RU,1573312440,70,66.77,123.37,5.34,18.45
294,Goure,4,NE,1573312442,10,13.98,10.27,97.0,7.0
295,Tocopilla,33,CL,1573312443,18,-22.09,-70.2,78.01,10.09
296,Ribeira Grande,20,PT,1573312444,68,38.52,-28.7,69.8,5.82
297,Abha,75,SA,1573312445,77,18.22,42.5,69.8,9.17
298,Kudahuvadhoo,97,MV,1573312446,76,2.67,72.89,83.25,11.32
299,Flinders,67,AU,1573312447,38,-34.58,150.85,60.01,18.34
300,Tamboril,71,BR,1573312449,28,-4.83,-40.32,98.04,8.28
301,Saint-Augustin,75,CA,1573312450,74,45.63,-73.98,33.01,12.75
302,Portland,1,US,1573312429,40,43.66,-70.25,36.0,4.7
303,Mitu,0,IR,1573312452,26,36.2,46.09,45.91,6.98
304,Areosa,20,PT,1573312453,82,41.72,-8.86,63.0,16.11
305,Shakhtinsk,100,KZ,1573312455,69,49.71,72.59,39.2,17.9
306,Balkanabat,0,TM,1573312456,25,39.51,54.36,56.07,9.26
307,Honiara,40,SB,1573312457,94,-9.43,159.96,75.2,3.49
308,Atar,100,MR,1573312458,12,20.52,-13.05,87.17,10.94
309,Nishihara,1,JP,1573312459,71,35.74,139.53,59.0,3.36
310,Trifesti,0,RO,1573312461,63,47.45,27.52,66.2,10.29
311,Abu Dhabi,33,AE,1573312462,54,24.47,54.37,84.2,3.36
312,Atasu,100,KZ,1573312463,52,48.68,71.64,37.87,13.06
313,Nanortalik,100,GL,1573312464,72,60.14,-45.24,36.37,26.66
314,Waingapu,35,ID,1573312466,78,-9.65,120.26,82.78,8.25
315,Hobyo,4,SO,1573312467,73,5.35,48.53,81.36,14.2
316,Kantang,20,TH,1573312468,94,7.42,99.52,77.0,2.24
317,Lac-Megantic,40,CA,1573312448,79,45.58,-70.88,26.01,2.24
318,Fairbanks,1,US,1573312202,71,64.84,-147.72,10.99,5.82
319,Eyl,0,SO,1573312471,77,7.98,49.82,80.29,20.18
320,Shangrao,100,CN,1573312472,63,28.45,117.97,53.38,3.51
321,Tineo,40,ES,1573312474,76,43.34,-6.41,57.0,20.8
322,Sao Miguel do Araguaia,31,BR,1573312475,29,-13.28,-50.16,103.82,2.48
323,Pangnirtung,100,CA,1573312476,69,66.15,-65.72,18.63,10.85
324,Chicama,40,PE,1573312477,77,-7.84,-79.15,66.2,10.29
325,Tigil,34,RU,1573312478,72,57.8,158.67,29.44,6.55
326,Tura,100,RU,1573312479,99,64.27,100.22,-6.13,3.78
327,Manggar,0,ID,1573312481,70,-2.88,108.27,84.51,5.19
328,Lebu,89,ET,1573312482,54,8.96,38.73,63.64,9.08
329,Koumac,4,NC,1573312483,90,-20.56,164.28,63.68,1.54
330,Praya,20,ID,1573312484,83,-8.71,116.27,80.6,3.36
331,Ephrata,90,US,1573312485,86,47.32,-119.55,37.99,3.44
332,Lasa,20,CY,1573312486,61,34.92,32.53,78.8,2.24
333,Sitrah,45,BH,1573312488,65,26.15,50.62,84.2,2.24
334,Blagoyevo,87,RU,1573312489,91,63.37,47.92,12.06,3.11
335,Havre,90,US,1573312490,51,48.55,-109.68,51.01,19.46
336,Vanimo,100,PG,1573312491,77,-2.67,141.3,83.17,5.66
337,Gao,67,ML,1573312492,8,16.28,-0.04,100.89,8.55
338,Bilibino,0,RU,1573312493,68,68.06,166.44,0.14,2.59
339,Clyde River,90,CA,1573312494,85,70.47,-68.59,21.2,19.46
340,Ostrovnoy,89,RU,1573312496,95,68.05,39.51,10.4,5.26
341,Chalus,0,IR,1573312497,82,36.66,51.42,57.2,0.87
342,Kokopo,100,PG,1573312498,76,-4.34,152.27,81.72,5.53
343,Rorvik,0,NO,1573312499,68,64.86,11.24,24.01,1.99
344,Nantucket,1,US,1573312500,43,41.28,-70.1,39.2,3.36
345,Liku,69,ID,1573312502,95,-0.73,119.89,70.39,4.09
346,Pisco,55,PE,1573312503,30,-13.71,-76.2,71.6,10.29
347,Verkhoyansk,18,RU,1573312504,98,67.55,133.39,-21.61,0.13
348,Balikpapan,100,ID,1573312505,94,-1.24,116.86,74.16,1.7
349,Half Moon Bay,90,US,1573312506,100,37.46,-122.43,52.0,3.85
350,Preeceville,100,CA,1573312508,90,51.95,-102.67,15.55,8.99
351,Mirnyy,100,RU,1573312509,85,56.57,36.46,40.5,12.08
352,Kjollefjord,0,NO,1573312510,77,70.95,27.35,20.01,6.29
353,Yakeshi,84,CN,1573312511,82,49.28,120.73,25.83,4.05
354,Necochea,0,AR,1573312513,68,-38.55,-58.74,59.0,11.01
355,Port Macquarie,90,AU,1573312514,86,-31.43,152.91,48.99,1.12
356,Vila Velha,20,BR,1573312515,52,-3.71,-38.6,89.6,20.8
357,Miraflores,100,PE,1573312516,16,-16.39,-71.52,73.4,10.29
358,Primorsk,100,RU,1573312517,93,60.37,28.62,37.0,8.99
359,Pochutla,5,MX,1573312518,66,15.74,-96.47,84.99,4.29
360,Port Augusta,90,AU,1573312519,67,-32.49,137.76,59.0,10.29
361,Tarrega,20,ES,1573312521,58,41.65,1.14,61.0,23.04
362,Teya,75,MX,1573312522,83,21.05,-89.07,82.0,6.06
363,Lixourion,20,GR,1573312523,56,38.2,20.43,69.8,6.93
364,Craig,1,US,1573312524,79,40.52,-107.55,33.01,5.1
365,Marawi,68,PH,1573312525,89,8.0,124.29,77.0,5.99
366,Shimoda,97,JP,1573312526,72,34.7,138.93,55.99,1.01
367,Rokytne,20,UA,1573312527,92,51.27,27.23,53.44,6.4
368,Abashiri,7,JP,1573312529,66,44.01,144.25,38.71,14.67
369,Kieta,92,PG,1573312530,82,-6.22,155.63,80.47,7.85
370,Dillon,1,US,1573312531,47,45.22,-112.64,37.4,14.99
371,Vestmannaeyjar,90,IS,1573312500,87,63.44,-20.27,42.8,8.05
372,Qaqortoq,75,GL,1573312533,28,60.72,-46.03,44.6,26.4
373,Khash,24,IR,1573312534,22,28.22,61.21,61.16,3.94
374,Sheridan,40,US,1573312536,29,39.65,-105.03,52.0,17.22
375,Chara,20,GR,1573312537,60,39.42,22.43,69.8,6.93
376,Coquimbo,90,CL,1573312538,93,-29.95,-71.34,78.01,6.93
377,Rawson,0,AR,1573312539,66,-43.3,-65.11,54.63,12.55
378,Kurtalan,0,TR,1573312540,58,37.93,41.7,68.0,2.24
379,Beloha,33,MG,1573312541,72,-25.17,45.06,75.06,15.46
380,Itoman,75,JP,1573312543,56,26.12,127.67,71.6,11.41
381,Tamandare,66,BR,1573312544,40,-8.28,-70.75,93.87,3.38
382,Kerema,100,PG,1573312545,96,-7.96,145.78,73.4,3.47
383,Kununurra,79,AU,1573312546,65,-15.77,128.74,80.6,5.82
384,Chapais,90,CA,1573312547,78,49.78,-74.86,10.4,6.93
385,Port Blair,10,IN,1573312548,73,11.67,92.75,82.38,2.44
386,Cururupu,100,BR,1573312549,55,-1.82,-44.87,86.7,6.89
387,Haines Junction,0,CA,1573312551,94,60.75,-137.51,-2.4,7.23
388,Paamiut,99,GL,1573312552,69,61.99,-49.67,36.93,17.0
389,Rumuruti,44,KE,1573312553,69,0.26,36.54,67.75,14.03
390,Russell,1,US,1573312554,52,38.9,-98.86,59.0,6.93
391,Lesnikovo,0,RU,1573312555,72,55.28,65.32,20.01,6.58
392,Carndonagh,90,IE,1573312556,93,55.25,-7.27,41.0,5.82
393,Elk Point,90,CA,1573312558,72,53.9,-110.9,14.0,11.41
394,Buala,28,SB,1573312559,85,-8.15,159.59,78.6,4.32
395,Verkhnevilyuysk,100,RU,1573312560,95,63.45,120.31,14.61,6.04
396,Malanville,68,NE,1573312561,14,11.86,3.39,98.85,8.16
397,Lakefield,90,CA,1573312562,69,44.42,-78.27,33.01,8.05
398,Kibiti,82,TZ,1573312563,81,-7.72,38.94,79.23,5.41
399,Cacoal,100,BR,1573312564,64,-11.43,-61.44,84.6,0.69
400,Deep River,90,CA,1573312566,74,46.1,-77.49,32.0,6.93
401,Novikovo,50,RU,1573312567,73,51.15,37.89,46.6,11.81
402,Aktau,0,KZ,1573312568,65,43.65,51.16,46.4,4.47
403,Nalut,0,LY,1573312569,30,31.86,10.98,68.67,9.13
404,Jiblah,33,YE,1573312570,60,13.92,44.15,68.65,5.21
405,Lebyazhye,90,RU,1573312571,93,59.96,29.42,39.99,8.95
406,Ossora,100,RU,1573312572,97,59.24,163.07,33.96,9.75
407,Manokwari,99,ID,1573312574,83,-0.87,134.08,73.33,6.24
408,Sao Joao da Barra,75,BR,1573312575,66,-21.64,-41.05,86.0,9.17
409,Halifax,0,CA,1573312409,68,44.65,-63.58,33.01,3.0
410,Dasoguz,0,TM,1573312577,30,41.84,59.97,53.6,6.93
411,Daru,100,PG,1573312578,87,-9.07,143.21,73.0,2.98
412,Saint-Louis,52,SN,1573312580,52,16.03,-16.5,89.6,9.17
413,Omsukchan,100,RU,1573312581,96,62.53,155.8,4.91,12.24
414,Sorong,73,ID,1573312582,98,-0.86,131.25,73.22,1.05
415,Khasan,0,RU,1573312583,76,42.43,130.64,33.3,2.59
416,Jacareacanga,96,BR,1573312584,39,-6.22,-57.76,95.58,3.24
417,Richards Bay,63,ZA,1573312585,74,-28.77,32.06,69.08,14.63
418,Dzaoudzi,75,YT,1573312586,74,-12.79,45.27,84.2,8.05
419,Sosnovo-Ozerskoye,100,RU,1573312588,86,52.53,111.54,27.95,10.49
420,Jieznas,90,LT,1573312589,93,54.6,24.18,50.0,4.7
421,Karaton,20,ID,1573312590,61,-6.34,106.1,80.01,6.93
422,Henties Bay,0,NA,1573312591,85,-22.12,14.28,61.0,8.01
423,Les Cayes,10,HT,1573312592,76,18.19,-73.75,82.8,11.3
424,Hami,0,CN,1573312593,29,42.84,93.51,36.82,3.53
425,Mehamn,0,NO,1573312594,80,71.03,27.85,17.01,6.04
426,San Quintin,81,PH,1573312596,84,17.54,120.52,73.35,3.62
427,Quartucciu,40,IT,1573312597,82,39.25,9.18,57.2,8.05
428,Iquique,0,CL,1573312598,56,-20.22,-70.14,68.0,16.11
429,Palmer,75,AU,1573312599,58,-34.85,139.16,57.99,10.29
430,Rosarito,40,CO,1573312600,88,4.91,-75.23,77.0,2.24
431,Shadrinsk,0,RU,1573312601,79,56.09,63.63,19.6,4.9
432,Amga,0,RU,1573312602,95,60.89,131.98,-14.61,1.66
433,Mana,71,NG,1573312604,10,13.03,5.27,98.35,7.02
434,Caiaponia,8,BR,1573312605,35,-16.96,-51.81,92.41,7.52
435,Kodinsk,100,RU,1573312606,83,58.6,99.18,9.72,11.68
436,Kargasok,38,RU,1573312607,89,59.06,80.87,5.54,11.03
437,Beysehir,0,TR,1573312609,44,37.68,31.72,51.98,1.54
438,Porbandar,0,IN,1573312610,62,21.64,69.61,81.99,18.92
439,Bondo,100,CD,1573312611,92,3.81,23.69,78.03,2.89
440,Mpongwe,98,ZM,1573312612,19,-13.51,28.16,88.99,5.61
441,Lynn,1,US,1573312576,30,42.47,-70.95,35.01,6.93
442,Trairi,79,BR,1573312614,40,-3.28,-39.27,93.29,9.19
443,Bintulu,75,MY,1573312615,94,3.17,113.03,77.0,1.41
444,Ganzhou,0,CN,1573312617,59,25.86,114.93,58.14,2.95
445,Gigmoto,1,PH,1573312618,75,13.78,124.39,83.14,7.54
446,Baruun-Urt,68,MN,1573312619,34,46.68,113.28,36.3,18.25
447,Liberal,1,US,1573312620,37,37.04,-100.92,52.0,6.93
448,Turtas,100,RU,1573312621,87,58.94,69.13,8.69,1.07
449,Margate,40,AU,1573312622,57,-43.03,147.26,50.0,13.87
450,Leningradskiy,67,RU,1573312623,86,69.38,178.42,17.82,9.19
451,Satun,75,TH,1573312625,94,6.62,100.07,82.0,2.24
452,Zeya,0,RU,1573312626,90,53.74,127.27,1.08,4.9
453,Abu Zabad,10,SD,1573312627,16,12.35,29.25,89.49,10.65
454,Severo-Kurilsk,66,RU,1573312628,94,50.68,156.12,28.11,10.6
455,Maracacume,100,BR,1573312629,44,-2.04,-45.96,92.93,5.75
456,Cabedelo,75,BR,1573312630,58,-6.97,-34.84,86.0,16.11
457,Oum Hadjer,42,TD,1573312631,9,13.3,19.7,97.12,6.26
458,Dali,1,CN,1573312633,70,34.79,109.94,52.72,14.05
459,Plettenberg Bay,100,ZA,1573312634,72,-34.05,23.37,65.71,25.93
460,Avdon,0,IL,1573312635,65,33.05,35.18,82.4,9.17
461,Bathsheba,40,BB,1573312636,69,13.22,-59.52,80.6,25.28
462,Poum,40,MK,1573312637,81,41.28,20.71,53.6,2.24
463,Turayf,20,SA,1573312639,25,31.68,38.65,77.0,11.41
464,Hennebont,67,FR,1573312640,87,47.81,-3.27,51.01,13.87
465,Manjacaze,100,MZ,1573312641,67,-24.71,33.88,74.98,10.71
466,Morondava,2,MG,1573312642,33,-20.3,44.28,88.05,10.42
467,Mossendjo,100,CG,1573312643,91,-2.95,12.72,80.24,1.21
468,Dabat,81,ET,1573312644,66,12.98,37.77,63.05,5.99
469,Kaeo,98,NZ,1573312646,100,-35.1,173.78,64.99,19.91
470,Marzuq,0,YE,1573312647,18,14.4,46.47,77.02,8.3
471,Shakawe,100,BW,1573312648,19,-18.36,21.84,95.23,7.43
472,Leku,76,ET,1573312649,77,6.87,38.44,64.26,3.98
473,Bubaque,41,GW,1573312650,45,11.28,-15.83,86.72,0.78
474,Makakilo City,1,US,1573312651,72,21.35,-158.09,71.6,3.36
475,Faanui,47,PF,1573312652,81,-16.48,-151.75,79.88,19.22
476,Montbrison,75,FR,1573312654,65,45.61,4.07,51.8,2.24
477,Srivardhan,0,IN,1573312655,72,18.03,73.02,76.66,1.01
478,Tuy Hoa,100,VN,1573312657,81,13.08,109.3,73.62,22.03
479,Iralaya,40,HN,1573312658,79,15.0,-83.23,84.2,10.29
480,Vostok,0,RU,1573312659,73,46.45,135.83,10.51,5.77
481,Gaomi,70,CN,1573312660,82,36.37,119.8,55.4,6.71
482,Pereleshino,90,RU,1573312661,86,51.74,40.14,41.0,6.71
483,Meulaboh,100,ID,1573312663,67,4.14,96.13,83.48,2.91
484,Havoysund,0,NO,1573312664,78,71.0,24.66,14.0,9.17
485,Pangai,0,TO,1573312665,84,-19.8,-174.35,76.53,15.9
486,Staraya Toropa,100,RU,1573312666,90,56.28,31.67,44.31,12.39
487,Jinan,100,CN,1573312667,61,36.65,117.11,61.0,3.0
488,Plast,0,RU,1573312668,86,54.37,60.81,20.97,5.21
489,San Mateo del Mar,0,MX,1573312669,70,16.21,-94.98,81.77,40.11
490,Valladolid,90,ES,1573312671,93,41.65,-4.73,52.0,13.87
491,Ler,75,NO,1573312672,68,63.2,10.3,28.4,10.29
492,Umm Lajj,0,SA,1573312609,69,25.02,37.27,78.62,7.54
493,Nizwa,13,OM,1573312674,37,22.93,57.53,74.79,5.46
494,Sobolevo,100,RU,1573312675,92,54.43,31.9,45.36,15.77
495,Quirinopolis,89,BR,1573312676,50,-18.45,-50.45,88.59,6.51
496,Malko Tarnovo,20,TR,1573312677,82,41.98,27.52,66.2,8.05
497,Kelowna,90,CA,1573312502,86,49.89,-119.5,41.0,2.28
498,Vredendal,100,ZA,1573312680,41,-31.68,18.49,73.92,18.86
499,Tagusao,4,PH,1573312681,86,9.19,117.81,74.62,4.38
500,Blairmore,75,CA,1573312682,48,49.61,-114.44,48.0,8.05
501,Buta,100,CD,1573312683,78,2.79,24.73,78.4,2.59
502,San Luis,1,AR,1573312442,41,-33.3,-66.34,81.23,12.5
503,Panzhihua,17,CN,1573312686,82,26.59,101.72,57.7,0.96
504,Black River,20,JM,1573312687,79,18.03,-77.85,84.99,6.93
505,Araouane,84,ML,1573312688,10,18.9,-3.53,93.65,13.2
506,Nenjiang,52,CN,1573312690,77,49.17,125.23,24.21,7.18
507,Buchanan,75,LR,1573312691,66,5.88,-10.05,87.8,4.74
508,Tapejara,50,BR,1573312692,61,-23.73,-52.87,84.56,9.4
509,Urom,90,HU,1573312693,93,47.6,19.02,54.0,4.7
510,Kishi,20,NG,1573312694,36,9.08,3.85,90.9,4.65
511,Rundu,85,NA,1573312695,44,-17.91,19.77,80.6,6.93
512,Volgorechensk,90,RU,1573312696,80,57.44,41.16,32.0,8.95
513,Kencong,92,ID,1573312698,89,-7.78,112.24,75.09,5.91
514,Orange,20,US,1573312401,61,33.79,-117.85,69.01,2.95
515,Moissala,51,TD,1573312700,28,8.34,17.77,93.63,4.41
516,Krasnoye-na-Volge,90,RU,1573312701,80,57.51,41.24,32.0,8.95
517,Calama,0,CL,1573312702,9,-22.46,-68.93,77.0,2.24
518,Yar-Sale,31,RU,1573312703,99,66.83,70.83,-5.7,7.05
519,Edson,90,CA,1573312513,92,53.59,-116.44,17.6,5.82
520,Kochkurovo,100,RU,1573312706,78,54.03,45.43,31.28,6.91
521,Burlington,90,CA,1573312586,59,43.32,-79.8,35.6,16.11
522,Miyako,75,JP,1573312708,77,33.63,130.94,59.0,2.24
523,Beaverlodge,90,CA,1573312709,92,55.21,-119.43,12.2,9.17
524,Watrous,100,CA,1573312710,91,51.67,-105.46,19.29,12.57
525,Roebourne,5,AU,1573312711,34,-20.77,117.15,78.39,11.83
526,Rosario,20,UY,1573312713,78,-34.31,-57.35,72.0,11.41
527,Wamba,94,CD,1573312714,69,2.14,27.99,79.47,4.09
528,Saint Anthony,1,US,1573312715,79,43.97,-111.68,30.2,3.36
529,Neepawa,90,CA,1573312716,92,50.23,-99.46,24.8,11.41
530,Tufanganj,100,IN,1573312717,72,26.23,89.7,77.16,8.63
531,Plavinas,100,LV,1573312718,96,56.62,25.73,45.9,5.48
532,Ishigaki,38,JP,1573312719,70,24.34,124.16,70.29,20.22
533,Maykor,31,RU,1573312721,65,59.01,55.89,20.55,3.56
534,Kailua,20,US,1573312722,68,21.39,-157.74,71.6,5.82
535,Roald,0,NO,1573312723,54,62.58,6.12,32.0,12.75
536,Rocha,100,UY,1573312724,74,-34.48,-54.34,69.89,8.88
537,Kisangani,40,CD,1573312725,62,0.52,25.21,87.8,4.7
